{"count": 25, "results": [{"id": 1, "name": "Misc-1", "description": "", "max_attempts": 0, "value": 500, "category": "Phase1_Misc", "type": "dynamic", "hidden": false, "stage": null}, {"id": 2, "name": "Misc-2", "description": "", "max_attempts": 0, "value": 500, "category": "Phase1_Misc", "type": "dynamic", "hidden": false, "stage": null}, {"id": 3, "name": "Misc-3", "description": "", "max_attempts": 0, "value": 500, "category": "Phase1_Misc", "type": "dynamic", "hidden": false, "stage": null}, {"id": 4, "name": "Misc-4", "description": "", "max_attempts": 0, "value": 500, "category": "Phase1_Misc", "type": "dynamic", "hidden": false, "stage": null}, {"id": 5, "name": "Misc-5", "description": "", "max_attempts": 0, "value": 500, "category": "Phase1_Misc", "type": "dynamic", "hidden": false, "stage": null}, {"id": 6, "name": "Misc-6", "description": "", "max_attempts": 0, "value": 500, "category": "Phase1_Misc", "type": "dynamic", "hidden": false, "stage": null}, {"id": 7, "name": "Misc-7", "description": "", "max_attempts": 0, "value": 500, "category": "Phase1_Misc", "type": "dynamic", "hidden": false, "stage": null}, {"id": 8, "name": "Misc-8", "description": "", "max_attempts": 0, "value": 500, "category": "Phase1_Misc", "type": "dynamic", "hidden": false, "stage": null}, {"id": 9, "name": "Pwn-1", "description": "", "max_attempts": 0, "value": 500, "category": "Phase1_Pwn", "type": "dynamic", "hidden": false, "stage": null}, {"id": 10, "name": "Pwn-2", "description": "", "max_attempts": 0, "value": 500, "category": "Phase1_Pwn", "type": "dynamic", "hidden": false, "stage": null}, {"id": 11, "name": "Pwn-3", "description": "", "max_attempts": 0, "value": 500, "category": "Phase1_Pwn", "type": "dynamic", "hidden": false, "stage": null}, {"id": 12, "name": "Pwn-4", "description": "", "max_attempts": 0, "value": 500, "category": "Phase1_Pwn", "type": "dynamic", "hidden": false, "stage": null}, {"id": 13, "name": "Pwn-5", "description": "", "max_attempts": 0, "value": 500, "category": "Phase1_Pwn", "type": "dynamic", "hidden": false, "stage": null}, {"id": 14, "name": "Web-1", "description": "", "max_attempts": 0, "value": 500, "category": "Phase1_Web", "type": "dynamic", "hidden": false, "stage": null}, {"id": 15, "name": "Web-2", "description": "", "max_attempts": 0, "value": 500, "category": "Phase1_Web", "type": "dynamic", "hidden": false, "stage": null}, {"id": 16, "name": "Crypto-1", "description": "", "max_attempts": 0, "value": 500, "category": "Phase1_Crypto", "type": "dynamic", "hidden": false, "stage": null}, {"id": 17, "name": "Crypto-2", "description": "", "max_attempts": 0, "value": 500, "category": "Phase1_Crypto", "type": "dynamic", "hidden": false, "stage": null}, {"id": 18, "name": "Crypto-3", "description": "", "max_attempts": 0, "value": 500, "category": "Phase1_Crypto", "type": "dynamic", "hidden": false, "stage": null}, {"id": 19, "name": "Crypto-4", "description": "", "max_attempts": 0, "value": 500, "category": "Phase1_Crypto", "type": "dynamic", "hidden": false, "stage": null}, {"id": 20, "name": "Crypto-5", "description": "", "max_attempts": 0, "value": 500, "category": "Phase1_Crypto", "type": "dynamic", "hidden": false, "stage": null}, {"id": 21, "name": "Crypto-6", "description": "", "max_attempts": 0, "value": 500, "category": "Phase1_Crypto", "type": "dynamic", "hidden": false, "stage": null}, {"id": 22, "name": "Reverse-1", "description": "", "max_attempts": 0, "value": 494, "category": "Phase1_Reverse", "type": "dynamic", "hidden": false, "stage": null}, {"id": 23, "name": "Reverse-2", "description": "", "max_attempts": 0, "value": 500, "category": "Phase1_Reverse", "type": "dynamic", "hidden": false, "stage": null}, {"id": 24, "name": "Reverse-3", "description": "", "max_attempts": 0, "value": 500, "category": "Phase1_Reverse", "type": "dynamic", "hidden": false, "stage": null}, {"id": 25, "name": "Reverse-4", "description": "", "max_attempts": 0, "value": 500, "category": "Phase1_Reverse", "type": "dynamic", "hidden": false, "stage": null}], "meta": {}}