{"count": 25, "results": [{"id": 1, "chal": 1, "type": "static", "flag": "", "data": null}, {"id": 2, "chal": 2, "type": "static", "flag": "", "data": null}, {"id": 3, "chal": 3, "type": "static", "flag": "", "data": null}, {"id": 4, "chal": 4, "type": "static", "flag": "", "data": null}, {"id": 5, "chal": 5, "type": "static", "flag": "", "data": null}, {"id": 6, "chal": 6, "type": "static", "flag": "", "data": null}, {"id": 7, "chal": 7, "type": "static", "flag": "", "data": null}, {"id": 8, "chal": 8, "type": "static", "flag": "", "data": null}, {"id": 9, "chal": 9, "type": "static", "flag": "", "data": null}, {"id": 10, "chal": 10, "type": "static", "flag": "", "data": null}, {"id": 11, "chal": 11, "type": "static", "flag": "", "data": null}, {"id": 12, "chal": 12, "type": "static", "flag": "", "data": null}, {"id": 13, "chal": 13, "type": "static", "flag": "", "data": null}, {"id": 14, "chal": 14, "type": "static", "flag": "", "data": null}, {"id": 15, "chal": 15, "type": "static", "flag": "", "data": null}, {"id": 16, "chal": 16, "type": "static", "flag": "", "data": null}, {"id": 17, "chal": 17, "type": "static", "flag": "", "data": null}, {"id": 18, "chal": 18, "type": "static", "flag": "", "data": null}, {"id": 19, "chal": 19, "type": "static", "flag": "", "data": null}, {"id": 20, "chal": 20, "type": "static", "flag": "", "data": null}, {"id": 21, "chal": 21, "type": "static", "flag": "", "data": null}, {"id": 22, "chal": 22, "type": "static", "flag": "", "data": null}, {"id": 23, "chal": 23, "type": "static", "flag": "", "data": null}, {"id": 24, "chal": 24, "type": "static", "flag": "", "data": null}, {"id": 25, "chal": 25, "type": "static", "flag": "", "data": null}], "meta": {}}