{"count": 2, "results": [{"id": 1, "auth_required": false, "title": "None", "route": "index", "html": "<div class=\"row\" style=\"background-color:#000; background-image:url('themes/core/static/img/bg_new1.jpg'); background-repeat:no-repeat; background-size:100%; background-position: center bottom\" >\r\n    <div class=\"col-md-6 col-md-offset-md-2\" >\r\n        <img class=\"w-100 mx-auto d-block\" style=\"max-width: 500px;padding: 0px;padding-top: 5vh;\" src=\"themes/core/static/img/mcdx.png\" />\r\n        <h3 class=\"text-center\">\r\n            <p ><img src = \"themes/core/static/img/icon5.png\" width=\"25\" heigth=\"25\"/>107\u5e74\u570b\u8ecd\u76c3\u7db2\u8def\u5b89\u5168\u7af6\u8cfd</p>\r\n            <p><img src = \"themes/core/static/img/icon5.png\" width=\"25\" heigth=\"25\"/>\u6d69\u701a\u7db2\u969b \u8ab0\u8207\u722d\u92d2</p>\r\n            <a href=\"https://twitter.com/ctfdio\"><img src = \"themes/core/static/img/icon1.png\"/></a>&nbsp; <!--<i class=\"fab fa-twitter fa-2x\" aria-hidden=\"true\"></i>-->\r\n            <a href=\"https://facebook.com/ctfdio\"><img src = \"themes/core/static/img/icon2.png\"/></a>&nbsp;\r\n            <a href=\"https://github.com/ctfd\"><img src = \"themes/core/static/img/icon3.png\"/></a>\r\n        </h3>\r\n        <br>\r\n        <h4 class=\"text-center\">\r\n            <img src = \"themes/core/static/img/icon5.png\" width=\"25\" heigth=\"25\"/>\r\n            \u9ede\u9078<a href=\"admin\">\u6b64\u8655</a> \u9032\u5165\u767b\u5165\u756b\u9762\r\n        </h4>\r\n</div>", "draft": false}, {"id": 2, "auth_required": true, "title": "Forum", "route": "Forum", "html": "<style>\r\nbody {\r\n    background-image: url(\"http://getwallpapers.com/wallpaper/full/e/6/0/16412.jpg\");\r\n    background-repeat: no-repeat;\r\n    background-position: right top;\r\n    background-attachment: fixed;\r\n    background-color: black;\r\n    background-size: cover;\r\n}\r\n</style>\r\n<div class=\"jumbotron\">\r\n\t<div class=\"container\">\r\n\t\t<h1><i class=\"swg swg-leia swg-lg\"></i>Forum<i class=\"swg swg-yoda-2 swg-lg\"></i></h1>\r\n\t</div>\r\n</div>\r\n<div class=\"container\">\r\n\t<div class=\"row\">\r\n\t\t<div class=\"col-md-12\">\r\n\t\t\t<table id=\"forum\" class=\"table table-striped\">\r\n  \t\t\t\t<tr>\r\n    \t\t\t\t<th>Sequence</th>\r\n    \t\t\t\t<th>Title</th> \r\n    \t\t\t\t<th>Time</th>\r\n    \t\t\t\t<th>Reporter</th>\r\n    \t\t\t\t<th>Link</th>\r\n \t\t\t </tr>\r\n \t\t\t <tr>\r\n                   <td>1</td>\r\n                   <td>pwn</td> \r\n                   <td>2018-10-13</td>\r\n                   <td>joshua</td>\r\n                   <td><a href=\"https://www.drive.google.com\">Google Drive</a></td>\r\n                   </tr>\r\n                   <tr>\r\n                   <td>2</td>\r\n                   <td>pwn</td> \r\n                   <td>2018-10-13</td>\r\n                   <td>joshua</td>\r\n                   <td><a href=\"https://www.drive.google.com\">Google Drive</a></td>\r\n                   </tr>\r\n                   </table>\r\n\t\t\t</div>\r\n\t\t</div>\r\n\t</div>              ", "draft": false}], "meta": {}}