{"count": 9, "results": [{"id": 1, "name": "Joshua", "email": "joshua87327@gmail.com", "password": "$bcrypt-sha256$2b,12$awEnA0s0lWDYfXm.Ha/iOe$7rNvDWc6yzU2ltDxyjayuDvfwq0X3ma", "website": null, "affiliation": null, "country": null, "bracket": null, "banned": true, "verified": false, "admin": true, "joined": "2018-10-15T02:58:15.140630"}, {"id": 2, "name": "A", "email": "A@gmail.com", "password": "$bcrypt-sha256$2b,12$Wfx/r3qkCu2mhWHErglJLO$1hhawangNgAPoADeyeUwICKmdnQzeZ.", "website": "https://google.com", "affiliation": "CCIT", "country": "Taiwan", "bracket": null, "banned": false, "verified": true, "admin": false, "joined": "2018-09-18T06:33:37.020612"}, {"id": 3, "name": "B", "email": "B@gmail.com", "password": "$bcrypt-sha256$2b,12$VIQwfgxaKDhhZ/PrwYiHze$2cSvwKdTVzRNfzRkonphz3TMea0QgPq", "website": "https://google.com", "affiliation": "CCIT", "country": "Taiwan", "bracket": null, "banned": false, "verified": true, "admin": false, "joined": "2018-09-18T06:34:42.091552"}, {"id": 4, "name": "C", "email": "C@gmail.com", "password": "$bcrypt-sha256$2b,12$hBwpSY6ltX8KHrk78hEpie$cnJe8K84Blgn69Alj/bLTKQ8H1ZAzIS", "website": "https://google.com", "affiliation": "CCIT", "country": "Taiwan", "bracket": null, "banned": false, "verified": true, "admin": false, "joined": "2018-10-08T09:22:02.007632"}, {"id": 5, "name": "D", "email": "D@gmail.com", "password": "$bcrypt-sha256$2b,12$xJlq5v55Y0TJVY6Coojfie$DLTBerqY4BtqJJ0mMyVvJGpVaXiJJEC", "website": "https://google.com", "affiliation": "CCIT", "country": "Taiwan", "bracket": null, "banned": false, "verified": true, "admin": false, "joined": "2018-10-08T09:22:36.691710"}, {"id": 6, "name": "E", "email": "E@gmail.com", "password": "$bcrypt-sha256$2b,12$L8lvDOF4qo.rbIVWAUrXkO$xuxeqmhQXApyaj5oq4/ZeaRb6n5sZG.", "website": "https://google.com", "affiliation": "CCIT", "country": "Taiwan", "bracket": null, "banned": false, "verified": true, "admin": false, "joined": "2018-10-08T09:22:55.406537"}, {"id": 7, "name": "F", "email": "F@gmail.com", "password": "$bcrypt-sha256$2b,12$QQedjk6W57AbTq1NaY.MNO$QIYmhSDUj7LnMsIkKVa575fMlXs7ej.", "website": "https://google.com", "affiliation": "CCIT", "country": "Taiwan", "bracket": null, "banned": false, "verified": true, "admin": false, "joined": "2018-10-08T09:23:15.052048"}, {"id": 8, "name": "G", "email": "G@gmail.com", "password": "$bcrypt-sha256$2b,12$ue7hU5af8IefM5LlgEPYzu$yWUZoxdilYqXeCy3R/MjiT6kf0lyK72", "website": "https://google.com", "affiliation": "CCIT", "country": "Taiwan", "bracket": null, "banned": false, "verified": true, "admin": false, "joined": "2018-10-08T09:23:35.818712"}, {"id": 9, "name": "H", "email": "H@gmail.com", "password": "$bcrypt-sha256$2b,12$PL6xsTsJP0wBKhdjqYtFcO$SpbP4/1716D.zR/lKItBEdRhad6GOSy", "website": "https://google.com", "affiliation": "CCIT", "country": "Taiwan", "bracket": null, "banned": false, "verified": true, "admin": false, "joined": "2018-10-08T09:23:51.633049"}], "meta": {}}