{"count": 9, "results": [{"id": 1, "ip": "127.0.0.1", "team": 1, "date": "2018-10-17T02:44:07.964515"}, {"id": 2, "ip": "127.0.0.1", "team": 2, "date": "2018-10-17T02:34:46.837385"}, {"id": 3, "ip": "127.0.0.1", "team": 3, "date": "2018-10-17T01:39:14.710222"}, {"id": 4, "ip": "127.0.0.1", "team": 4, "date": "2018-10-16T13:44:40.238774"}, {"id": 5, "ip": "127.0.0.1", "team": 5, "date": "2018-10-16T13:44:57.563085"}, {"id": 6, "ip": "127.0.0.1", "team": 7, "date": "2018-10-16T13:45:45.708664"}, {"id": 7, "ip": "127.0.0.1", "team": 8, "date": "2018-10-16T13:46:05.089642"}, {"id": 8, "ip": "127.0.0.1", "team": 6, "date": "2018-10-16T13:45:15.888872"}, {"id": 10, "ip": "127.0.0.1", "team": 9, "date": "2018-10-16T14:55:46.710900"}], "meta": {}}